[
  {
    "type": "FACTORY",
    "value": [
      {
        "region": "NORTH",
        "group": "above -10",
        "comp": "25.8",
        "avg": "7.3"
      },
      {
        "region": "NORTH",
        "group": "-10.1 to -13.9",
        "comp": "25.8",
        "avg": "7.3"
      },
      {
        "region": "NORTH",
        "group": "-14 to -19.9",
        "comp": "28.8",
        "avg": "4.3"
      },
      {
        "region": "NORTH",
        "group": "-20 & below",
        "comp": "28.8",
        "avg": "8.3"
      },
      {
        "region": "EAST",
        "group": "above -10",
        "comp": "69.8",
        "avg": "9.3"
      },
      {
        "region": "EAST",
        "group": "-10.1 to -13.9",
        "comp": "59.8",
        "avg": "18.3"
      },
      {
        "region": "EAST",
        "group": "-14 to -19.9",
        "comp": "26.8",
        "avg": "7.8"
      },
      {
        "region": "EAST",
        "group": "-20 & below",
        "comp": "23.8",
        "avg": "1.3"
      },
      {
        "region": "WEST",
        "group": "above -10",
        "comp": "24.8",
        "avg": "4.3"
      },
      {
        "region": "WEST",
        "group": "-10.1 to -13.9",
        "comp": "12.8",
        "avg": "4.5"
      },
      {
        "region": "WEST",
        "group": "-14 to -19.9",
        "comp": "25.8",
        "avg": "8.3"
      },
      {
        "region": "WEST",
        "group": "-20 & below",
        "comp": "35.8",
        "avg": "9.3"
      },
      {
        "region": "SOUTH",
        "group": "above -10",
        "comp": "21.8",
        "avg": "7.3"
      },
      {
        "region": "SOUTH",
        "group": "-10.1 to -13.9",
        "comp": "35.8",
        "avg": "8.3"
      },
      {
        "region": "SOUTH",
        "group": "-14 to -19.9",
        "comp": "28.8",
        "avg": "8.3"
      },
      {
        "region": "SOUTH",
        "group": "-20 & below",
        "comp": "19.8",
        "avg": "5.9"
      }
    ]
  },
  {
    "type": "PV",
    "value": [
      {
        "region": "NORTH",
        "group": "above -10",
        "comp": "17.6",
        "avg": "9.3"
      },
      {
        "region": "NORTH",
        "group": "-10.1 to -13.9",
        "comp": "29.2",
        "avg": "5.3"
      },
      {
        "region": "NORTH",
        "group": "-14 to -19.9",
        "comp": "25.8",
        "avg": "6.3"
      },
      {
        "region": "NORTH",
        "group": "-20 & below",
        "comp": "18.1",
        "avg": "8.1"
      },
      {
        "region": "EAST",
        "group": "above -10",
        "comp": "23.8",
        "avg": "6.3"
      },
      {
        "region": "EAST",
        "group": "-10.1 to -13.9",
        "comp": "19.8",
        "avg": "8.3"
      },
      {
        "region": "EAST",
        "group": "-14 to -19.9",
        "comp": "19.8",
        "avg": "8.3"
      },
      {
        "region": "EAST",
        "group": "-20 & below",
        "comp": "29.6",
        "avg": "3.3"
      },
      {
        "region": "WEST",
        "group": "above -10",
        "comp": "14.8",
        "avg": "7.3"
      },
      {
        "region": "WEST",
        "group": "-10.1 to -13.9",
        "comp": "26.6",
        "avg": "8.3"
      },
      {
        "region": "WEST",
        "group": "-14 to -19.9",
        "comp": "26.3",
        "avg": "12.3"
      },
      {
        "region": "WEST",
        "group": "-20 & below",
        "comp": "24.8",
        "avg": "8.3"
      },
      {
        "region": "SOUTH",
        "group": "above -10",
        "comp": "28.8",
        "avg": "5.3"
      },
      {
        "region": "SOUTH",
        "group": "-10.1 to -13.9",
        "comp": "19.8",
        "avg": "8.3"
      },
      {
        "region": "SOUTH",
        "group": "-14 to -19.9",
        "comp": "29.8",
        "avg": "18.3"
      },
      {
        "region": "SOUTH",
        "group": "-20 & below",
        "comp": "49.8",
        "avg": "18.9"
      }
    ]
  },
  {
    "type": "DEPOT",
    "value": [
      {
        "region": "NORTH",
        "group": "above -10",
        "comp": "39.5",
        "avg": "7.3"
      },
      {
        "region": "NORTH",
        "group": "-10.1 to -13.9",
        "comp": "19.3",
        "avg": "1.3"
      },
      {
        "region": "NORTH",
        "group": "-14 to -19.9",
        "comp": "27.8",
        "avg": "9.3"
      },
      {
        "region": "NORTH",
        "group": "-20 & below",
        "comp": "29.8",
        "avg": "4.1"
      },
      {
        "region": "EAST",
        "group": "above -10",
        "comp": "23.8",
        "avg": "1.3"
      },
      {
        "region": "EAST",
        "group": "-10.1 to -13.9",
        "comp": "27.8",
        "avg": "5.3"
      },
      {
        "region": "EAST",
        "group": "-14 to -19.9",
        "comp": "23.1",
        "avg": "5.3"
      },
      {
        "region": "EAST",
        "group": "-20 & below",
        "comp": "19.8",
        "avg": "7.3"
      },
      {
        "region": "WEST",
        "group": "above -10",
        "comp": "19.8",
        "avg": "8.3"
      },
      {
        "region": "WEST",
        "group": "-10.1 to -13.9",
        "comp": "39.8",
        "avg": "8.3"
      },
      {
        "region": "WEST",
        "group": "-14 to -19.9",
        "comp": "29.8",
        "avg": "8.3"
      },
      {
        "region": "WEST",
        "group": "-20 & below",
        "comp": "27.8",
        "avg": "5.8"
      },
      {
        "region": "SOUTH",
        "group": "above -10",
        "comp": "23.8",
        "avg": "8.3"
      },
      {
        "region": "SOUTH",
        "group": "-10.1 to -13.9",
        "comp": "29.8",
        "avg": "9.3"
      },
      {
        "region": "SOUTH",
        "group": "-14 to -19.9",
        "comp": "39.8",
        "avg": "20.3"
      },
      {
        "region": "SOUTH",
        "group": "-20 & below",
        "comp": "69.8",
        "avg": "28.3"
      }
    ]
  },
  {
    "type": "SV",
    "value": [
      {
        "region": "NORTH",
        "group": "above -10",
        "comp": "29.8",
        "avg": "8.3"
      },
      {
        "region": "NORTH",
        "group": "-10.1 to -13.9",
        "comp": "27.8",
        "avg": "12.8"
      },
      {
        "region": "NORTH",
        "group": "-14 to -19.9",
        "comp": "22.9",
        "avg": "18.1"
      },
      {
        "region": "NORTH",
        "group": "-20 & below",
        "comp": "26.8",
        "avg": "3.3"
      },
      {
        "region": "EAST",
        "group": "above -10",
        "comp": "26.8",
        "avg": "7.3"
      },
      {
        "region": "EAST",
        "group": "-10.1 to -13.9",
        "comp": "25.8",
        "avg": "7.3"
      },
      {
        "region": "EAST",
        "group": "-14 to -19.9",
        "comp": "49.8",
        "avg": "7.3"
      },
      {
        "region": "EAST",
        "group": "-20 & below",
        "comp": "29.8",
        "avg": "8.3"
      },
      {
        "region": "WEST",
        "group": "above -10",
        "comp": "24.1",
        "avg": "3.3"
      },
      {
        "region": "WEST",
        "group": "-10.1 to -13.9",
        "comp": "11.1",
        "avg": "8.3"
      },
      {
        "region": "WEST",
        "group": "-14 to -19.9",
        "comp": "23.8",
        "avg": "7.6"
      },
      {
        "region": "WEST",
        "group": "-20 & below",
        "comp": "29.8",
        "avg": "8.3"
      },
      {
        "region": "SOUTH",
        "group": "above -10",
        "comp": "12.8",
        "avg": "8.3"
      },
      {
        "region": "SOUTH",
        "group": "-10.1 to -13.9",
        "comp": "13.3",
        "avg": "1.9"
      },
      {
        "region": "SOUTH",
        "group": "-14 to -19.9",
        "comp": "26.8",
        "avg": "7.3"
      },
      {
        "region": "SOUTH",
        "group": "-20 & below",
        "comp": "29.8",
        "avg": "8.3"
      }
    ]
  },
  {
    "type": "RS Cold Room",
    "value": [
      {
        "region": "NORTH",
        "group": "above -10",
        "comp": "19.7",
        "avg": "8.3"
      },
      {
        "region": "NORTH",
        "group": "-10.1 to -13.9",
        "comp": "26.8",
        "avg": "8.3"
      },
      {
        "region": "NORTH",
        "group": "-14 to -19.9",
        "comp": "28.8",
        "avg": "7.5"
      },
      {
        "region": "NORTH",
        "group": "-20 & below",
        "comp": "19.8",
        "avg": "3.3"
      },
      {
        "region": "EAST",
        "group": "above -10",
        "comp": "13.8",
        "avg": "7.3"
      },
      {
        "region": "EAST",
        "group": "-10.1 to -13.9",
        "comp": "12.8",
        "avg": "8.3"
      },
      {
        "region": "EAST",
        "group": "-14 to -19.9",
        "comp": "29.8",
        "avg": "8.3"
      },
      {
        "region": "EAST",
        "group": "-20 & below",
        "comp": "29.7",
        "avg": "7.3"
      },
      {
        "region": "WEST",
        "group": "above -10",
        "comp": "22.8",
        "avg": "6.3"
      },
      {
        "region": "WEST",
        "group": "-10.1 to -13.9",
        "comp": "14.8",
        "avg": "8.3"
      },
      {
        "region": "WEST",
        "group": "-14 to -19.9",
        "comp": "23.8",
        "avg": "5.3"
      },
      {
        "region": "WEST",
        "group": "-20 & below",
        "comp": "16.8",
        "avg": "8.3"
      },
      {
        "region": "SOUTH",
        "group": "above -10",
        "comp": "16.8",
        "avg": "8.3"
      },
      {
        "region": "SOUTH",
        "group": "-10.1 to -13.9",
        "comp": "22.8",
        "avg": "8.3"
      },
      {
        "region": "SOUTH",
        "group": "-14 to -19.9",
        "comp": "29.8",
        "avg": "8.3"
      },
      {
        "region": "SOUTH",
        "group": "-20 & below",
        "comp": "29.8",
        "avg": "8.3"
      }
    ]
  },
  {
    "type": "RSV",
    "value": [
      {
        "region": "NORTH",
        "group": "above -10",
        "comp": "32.8",
        "avg": "8.3"
      },
      {
        "region": "NORTH",
        "group": "-10.1 to -13.9",
        "comp": "43.8",
        "avg": "8.3"
      },
      {
        "region": "NORTH",
        "group": "-14 to -19.9",
        "comp": "29.8",
        "avg": "8.3"
      },
      {
        "region": "NORTH",
        "group": "-20 & below",
        "comp": "23.8",
        "avg": "8.3"
      },
      {
        "region": "EAST",
        "group": "above -10",
        "comp": "29.8",
        "avg": "8.3"
      },
      {
        "region": "EAST",
        "group": "-10.1 to -13.9",
        "comp": "25.8",
        "avg": "8.3"
      },
      {
        "region": "EAST",
        "group": "-14 to -19.9",
        "comp": "28.8",
        "avg": "5.3"
      },
      {
        "region": "EAST",
        "group": "-20 & below",
        "comp": "29.8",
        "avg": "8.3"
      },
      {
        "region": "WEST",
        "group": "above -10",
        "comp": "27.8",
        "avg": "8.3"
      },
      {
        "region": "WEST",
        "group": "-10.1 to -13.9",
        "comp": "29.8",
        "avg": "8.8"
      },
      {
        "region": "WEST",
        "group": "-14 to -19.9",
        "comp": "29.8",
        "avg": "8.3"
      },
      {
        "region": "WEST",
        "group": "-20 & below",
        "comp": "29.8",
        "avg": "8.3"
      },
      {
        "region": "SOUTH",
        "group": "above -10",
        "comp": "33.8",
        "avg": "8.3"
      },
      {
        "region": "SOUTH",
        "group": "-10.1 to -13.9",
        "comp": "29.8",
        "avg": "8.3"
      },
      {
        "region": "SOUTH",
        "group": "-14 to -19.9",
        "comp": "29.8",
        "avg": "8.3"
      },
      {
        "region": "SOUTH",
        "group": "-20 & below",
        "comp": "20.8",
        "avg": "5.3"
      }
    ]
  }
]