{
  "region": {
    "EAST": {
      "above -10": 256,
      "-10.1 to -13.9": 5,
      "-14 to -19.9": 17,
      "-20 & below": 236
    },
    "WEST": {
      "above -10": 112,
      "-10.1 to -13.9": 0,
      "-14 to -19.9": 0,
      "-20 & below": 0
    },
    "NORTH": {
      "above -10": 166,
      "-10.1 to -13.9": 5,
      "-14 to -19.9": 457,
      "-20 & below": 2603
    },
    "SOUTH": {
      "above -10": 166,
      "-10.1 to -13.9": 5,
      "-14 to -19.9": 457,
      "-20 & below": 2603
    }
  },
  "coldchain": {
    "FACTORY": {
      "above -10": 256,
      "-10.1 to -13.9": 5,
      "-14 to -19.9": 17,
      "-20 & below": 236
    },
    "PT": {
      "above -10": 112,
      "-10.1 to -13.9": 0,
      "-14 to -19.9": 0,
      "-20 & below": 0
    },
    "DEPOT": {
      "above -10": 166,
      "-10.1 to -13.9": 5,
      "-14 to -19.9": 457,
      "-20 & below": 2603
    },
    "ST": {
      "above -10": 320,
      "-10.1 to -13.9": 6,
      "-14 to -19.9": 9,
      "-20 & below": 4
    },
    "RS Cold Room": {
      "above -10": 63,
      "-10.1 to -13.9": 44,
      "-14 to -19.9": 253,
      "-20 & below": 114
    },
    "RSV": {
      "above -10": 58,
      "-10.1 to -13.9": 48,
      "-14 to -19.9": 64,
      "-20 & below": 29
    }
  },
  "coldchainavg": {
    "FACTORY": {
      "above -10": -1,
      "-10.1 to -13.9": -11,
      "-14 to -19.9": -13,
      "-20 & below": -30
    },
    "PT": {
      "above -10": -1,
      "-10.1 to -13.9": -11,
      "-14 to -19.9": -13,
      "-20 & below": -30
    },
    "DEPOT": {
     "above -10": -1,
      "-10.1 to -13.9": -11,
      "-14 to -19.9": -13,
      "-20 & below": -30
    },
    "ST": {
      "above -10": -1,
      "-10.1 to -13.9": -11,
      "-14 to -19.9": -13,
      "-20 & below": -30
    },
    "RS Cold Room": {
      "above -10": -1,
      "-10.1 to -13.9": -11,
      "-14 to -19.9": -13,
      "-20 & below": -30
    },
    "RSV": {
     "above -10": -1,
      "-10.1 to -13.9": -11,
      "-14 to -19.9": -13,
      "-20 & below": -30
    }
  }
}