[{
        "x": "FACTORY",
        "y": 10,
        "group": "above -10",
        "tooltip": "<table class='PykCharts'><tr><th>FACTORY above -10</th></tr><tr><td>-10<span style='display:none'>FACTORY</span></td></tr></table>"
    }, {
        "x": "FACTORY",
        "y": 12,
        "group": "-10.1 to -13.9",
        "tooltip": "<table class='PykCharts'><tr><th>FACTORY -10.1 to -13.9</th></tr><tr><td>-12<span style='display:none'>FACTORY</span></td></tr></table>"
    }, {
        "x": "FACTORY",
        "y": 16.4,
        "group": "-14 to -19.9",
        "tooltip": "<table class='PykCharts'><tr><th>FACTORY -14 to -19.9</th></tr><tr><td>-16.4<span style='display:none'>FACTORY</span></td></tr></table>"
    }, {
        "x": "FACTORY",
        "y": 25,
        "group": "-20 & below",
        "tooltip": "<table class='PykCharts'><tr><th>FACTORY -20 & below</th></tr><tr><td>-25<span style='display:none'>FACTORY</span></td></tr></table>"
    }, {
        "x": "PV",
        "y": 8,
        "group": "above -10",
        "tooltip": "<table class='PykCharts'><tr><th>PV above -10</th></tr><tr><td>-8<span style='display:none'>PV</span></td></tr></table>"
    }, {
        "x": "PV",
        "y": 11,
        "group": "-10.1 to -13.9",
        "tooltip": "<table class='PykCharts'><tr><th>PV -10.1 to -13.9</th></tr><tr><td>-11<span style='display:none'>PV</span></td></tr></table>"
    }, {
        "x": "PV",
        "y": 18.4,
        "group": "-14 to -19.9",
        "tooltip": "<table class='PykCharts'><tr><th>PV -14 to -19.9</th></tr><tr><td>-18.4<span style='display:none'>PV</span></td></tr></table>"
    }, {
        "x": "PV",
        "y": 23,
        "group": "-20 & below",
        "tooltip": "<table class='PykCharts'><tr><th>PV -20 & below</th></tr><tr><td>-23<span style='display:none'>PV</span></td></tr></table>"
    }, {
        "x": "DEPOT",
        "y": 9.5,
        "group": "above -10",
        "tooltip": "<table class='PykCharts'><tr><th>Depot above -10</th></tr><tr><td>-9.5<span style='display:none'>DEPOT</span></td></tr></table>"
    }, {
        "x": "DEPOT",
        "y": 12,
        "group": "-10.1 to -13.9",
        "tooltip": "<table class='PykCharts'><tr><th>Depot -10.1 to -13.9</th></tr><tr><td>-12<span style='display:none'>DEPOT</span></td></tr></table>"
    }, {
        "x": "DEPOT",
        "y": 15.4,
        "group": "-14 to -19.9",
        "tooltip": "<table class='PykCharts'><tr><th>Depot -14 to -19.9</th></tr><tr><td>-15.4<span style='display:none'>DEPOT</span></td></tr></table>"
    }, {
        "x": "DEPOT",
        "y": 22,
        "group": "-20 & below",
        "tooltip": "<table class='PykCharts'><tr><th>Depot -20 & below</th></tr><tr><td>-22<span style='display:none'>DEPOT</span></td></tr></table>"
    }, {
        "x": "SV",
        "y": 9,
        "group": "above -10",
        "tooltip": "<table class='PykCharts'><tr><th>SV above -10</th></tr><tr><td>-2<span style='display:none'>SV</span></td></tr></table>"
    }, {
        "x": "SV",
        "y": 10.9,
        "group": "-10.1 to -13.9",
        "tooltip": "<table class='PykCharts'><tr><th>SV -10.1 to -13.9</th></tr><tr><td>-10.9<span style='display:none'>SV</span></td></tr></table>"
    }, {
        "x": "SV",
        "y": 14.8,
        "group": "-14 to -19.9",
        "tooltip": "<table class='PykCharts'><tr><th>SV -14 to -19.9</th></tr><tr><td>-14.8<span style='display:none'>SV</span></td></tr></table>"
    }, {
        "x": "SV",
        "y": 30,
        "group": "-20 & below",
        "tooltip": "<table class='PykCharts'><tr><th>SV -20 & below</th></tr><tr><td>-30<span style='display:none'>SV</span></td></tr></table>"
    }, {
        "x": "RS Cold Room",
        "y": 9,
        "group": "above -10",
        "tooltip": "<table class='PykCharts'><tr><th>RS Cold Room above -10</th></tr><tr><td>-2<span style='display:none'>RS Cold Room</span></td></tr></table>"
    }, {
        "x": "RS Cold Room",
        "y": 10.9,
        "group": "-10.1 to -13.9",
        "tooltip": "<table class='PykCharts'><tr><th>RS Cold Room -10.1 to -13.9</th></tr><tr><td>-10.9<span style='display:none'>RS Cold Room</span></td></tr></table>"
    }, {
        "x": "RS Cold Room",
        "y": 14.8,
        "group": "-14 to -19.9",
        "tooltip": "<table class='PykCharts'><tr><th>RS Cold Room -14 to -19.9</th></tr><tr><td>-14.8<span style='display:none'>RS Cold Room</span></td></tr></table>"
    }, {
        "x": "RS Cold Room",
        "y": 30,
        "group": "-20 & below",
        "tooltip": "<table class='PykCharts'><tr><th>RS Cold Room -20 & below</th></tr><tr><td>-30<span style='display:none'>RS Cold Room</span></td></tr></table>"
    }, {
        "x": "RSV",
        "y": 9,
        "group": "above -10",
        "tooltip": "<table class='PykCharts'><tr><th>RSV above -10</th></tr><tr><td>-2<span style='display:none'>RSV</span></td></tr></table>"
    }, {
        "x": "RSV",
        "y": 10.9,
        "group": "-10.1 to -13.9",
        "tooltip": "<table class='PykCharts'><tr><th>RSV -10.1 to -13.9</th></tr><tr><td>-10.9<span style='display:none'>RSV</span></td></tr></table>"
    }, {
        "x": "RSV",
        "y": 14.8,
        "group": "-14 to -19.9",
        "tooltip": "<table class='PykCharts'><tr><th>RSV -14 to -19.9</th></tr><tr><td>-14.8<span style='display:none'>RSV</span></td></tr></table>"
    }, {
        "x": "RSV",
        "y": 30,
        "group": "-20 & below",
        "tooltip": "<table class='PykCharts'><tr><th>RSV -20 & below</th></tr><tr><td>-30<span style='display:none'>RSV</span></td></tr></table>"
    }]