{
    "regional": {
        "FACTORY": [
            {
                "id": 1,
                "type": "above -12",
                "min": -12,
                "max": 100,
                "color": "#FF0000",
                "fontcolor": "white",
                "colorname": "Red"
            },
            {
                "id": 2,
                "type": "-12.1 to -17.9",
                "min": -17.9,
                "max": -12.1,
                "color": "#FFFF33",
                "fontcolor": "black",
                "colorname": "Yellow"
            },
            {
                "id": 3,
                "type": "-18 to -24.9",
                "min": -24.9,
                "max": -18,
                "color": "#FFC200",
                "fontcolor": "white",
                "colorname": "Amber"
            },
            {
                "id": 4,
                "type": "-25 & below",
                "min": -50,
                "max": -25,
                "color": "#66CC00",
                "fontcolor": "white",
                "colorname": "Green"
            }
        ],
        "PT": [
            {
                "id": 1,
                "type": "above -12",
                "min": -12,
                "max": 100,
                "color": "#FF0000",
                "fontcolor": "white",
                "colorname": "Red"
            },
            {
                "id": 2,
                "type": "-12.1 to -15.9",
                "min": -15.9,
                "max": -12.1,
                "color": "#FFFF33",
                "fontcolor": "black",
                "colorname": "Yellow"
            },
            {
                "id": 3,
                "type": "-16 to -21.9",
                "min": -21.9,
                "max": -16,
                "color": "#FFC200",
                "fontcolor": "white",
                "colorname": "Amber"
            },
            {
                "id": 4,
                "type": "-22 & below",
                "min": -50,
                "max": -22,
                "color": "#66CC00",
                "fontcolor": "white",
                "colorname": "Green"
            }
        ],
        "DEPOT": [
            {
                "id": 1,
                "type": "above -12",
                "min": -12,
                "max": 100,
                "color": "#FF0000",
                "fontcolor": "white",
                "colorname": "Red"
            },
            {
                "id": 2,
                "type": "-12.1 to -15.9",
                "min": -15.9,
                "max": -12.1,
                "color": "#FFFF33",
                "fontcolor": "black",
                "colorname": "Yellow"
            },
            {
                "id": 3,
                "type": "-16 to -21.9",
                "min": -21.9,
                "max": -16,
                "color": "#FFC200",
                "fontcolor": "white",
                "colorname": "Amber"
            },
            {
                "id": 4,
                "type": "-22 & below",
                "min": -50,
                "max": -22,
                "color": "#66CC00",
                "fontcolor": "white",
                "colorname": "Green"
            }
        ],
        "ST": [
            {
                "id": 1,
                "type": "above -12",
                "min": -12,
                "max": 100,
                "color": "#FF0000",
                "fontcolor": "white",
                "colorname": "Red"
            },
            {
                "id": 2,
                "type": "-12.1 to -15.9",
                "min": -15.9,
                "max": -12.1,
                "color": "#FFFF33",
                "fontcolor": "black",
                "colorname": "Yellow"
            },
            {
                "id": 3,
                "type": "-16 to -19.9",
                "min": -19.9,
                "max": -16,
                "color": "#FFC200",
                "fontcolor": "white",
                "colorname": "Amber"
            },
            {
                "id": 4,
                "type": "-20 & below",
                "min": -50,
                "max": -20,
                "color": "#66CC00",
                "fontcolor": "white",
                "colorname": "Green"
            }
        ],
        "RS Cold Room": [
            {
                "id": 1,
                "type": "above -12",
                "min": -12,
                "max": 100,
                "color": "#FF0000",
                "fontcolor": "white",
                "colorname": "Red"
            },
            {
                "id": 2,
                "type": "-12.1 to -15.9",
                "min": -15.9,
                "max": -12.1,
                "color": "#FFFF33",
                "fontcolor": "black",
                "colorname": "Yellow"
            },
            {
                "id": 3,
                "type": "-16 to -19.9",
                "min": -19.9,
                "max": -16,
                "color": "#FFC200",
                "fontcolor": "white",
                "colorname": "Amber"
            },
            {
                "id": 4,
                "type": "-20 & below",
                "min": -50,
                "max": -20,
                "color": "#66CC00",
                "fontcolor": "white",
                "colorname": "Green"
            }
        ],
        "RSV": [
            {
                "id": 1,
                "type": "above -12",
                "min": -12,
                "max": 100,
                "color": "#FF0000",
                "fontcolor": "white",
                "colorname": "Red"
            },
            {
                "id": 2,
                "type": "-12.1 to -15.9",
                "min": -15.9,
                "max": -12.1,
                "color": "#FFFF33",
                "fontcolor": "black",
                "colorname": "Yellow"
            },
            {
                "id": 3,
                "type": "-16 to -19.9",
                "min": -19.9,
                "max": -16,
                "color": "#FFC200",
                "fontcolor": "white",
                "colorname": "Amber"
            },
            {
                "id": 4,
                "type": "-20 & below",
                "min": -50,
                "max": -20,
                "color": "#66CC00",
                "fontcolor": "white",
                "colorname": "Green"
            }
        ]
    },
    "monitor": [
        {
            "id": 5,
            "type": "above -10",
            "min": 0,
            "max": 50,
            "color": "#FF0000",
            "fontcolor": "white",
            "colorname": "Red",
            "group": "compliance",
            "inper": "< 50 %"
        },
        {
            "id": 6,
            "type": "-14 to -19.9",
            "min": 50,
            "max": 70,
            "color": "#FFC200",
            "fontcolor": "white",
            "colorname": "Amber",
            "group": "compliance",
            "inper": "50% - 70%"
        },
        {
            "id": 7,
            "type": "-20 & below",
            "min": 70,
            "max": 100,
            "color": "#66CC00",
            "fontcolor": "white",
            "colorname": "Green",
            "group": "compliance",
            "inper": "> 70%"
        }
    ],
    "compliance": {
        "FACTORY": [
            {
                "id": 1,
                "type": "above -12",
                "min": -12,
                "max": 100,
                "color": "#FF0000",
                "fontcolor": "white",
                "colorname": "Red"
            },
            {
                "id": 2,
                "type": "-12.1 to -17.9",
                "min": -17.9,
                "max": -12.1,
                "color": "#FFFF33",
                "fontcolor": "black",
                "colorname": "Yellow"
            },
            {
                "id": 3,
                "type": "-18 to -19.9",
                "min": -19.9,
                "max": -18,
                "color": "#FFC200",
                "fontcolor": "white",
                "colorname": "Amber"
            },
            {
                "id": 4,
                "type": "-20 & below",
                "min": -50,
                "max": -20,
                "color": "#66CC00",
                "fontcolor": "white",
                "colorname": "Green"
            }
        ],
        "PT": [
            {
                "id": 1,
                "type": "above -12",
                "min": -12,
                "max": 100,
                "color": "#FF0000",
                "fontcolor": "white",
                "colorname": "Red"
            },
            {
                "id": 2,
                "type": "-12.1 to -15.9",
                "min": -15.9,
                "max": -12.1,
                "color": "#FFFF33",
                "fontcolor": "black",
                "colorname": "Yellow"
            },
            {
                "id": 3,
                "type": "-16 to -19.9",
                "min": -19.9,
                "max": -16,
                "color": "#FFC200",
                "fontcolor": "white",
                "colorname": "Amber"
            },
            {
                "id": 4,
                "type": "-20 & below",
                "min": -50,
                "max": -20,
                "color": "#66CC00",
                "fontcolor": "white",
                "colorname": "Green"
            }
        ],
        "DEPOT": [
            {
                "id": 1,
                "type": "above -12",
                "min": -12,
                "max": 100,
                "color": "#FF0000",
                "fontcolor": "white",
                "colorname": "Red"
            },
            {
                "id": 2,
                "type": "-12.1 to -15.9",
                "min": -15.9,
                "max": -12.1,
                "color": "#FFFF33",
                "fontcolor": "black",
                "colorname": "Yellow"
            },
            {
                "id": 3,
                "type": "-16 to -19.9",
                "min": -29.9,
                "max": -16,
                "color": "#FFC200",
                "fontcolor": "white",
                "colorname": "Amber"
            },
            {
                "id": 4,
                "type": "-20 & below",
                "min": -50,
                "max": -20,
                "color": "#66CC00",
                "fontcolor": "white",
                "colorname": "Green"
            }
        ],
        "ST": [
            {
                "id": 1,
                "type": "above -12",
                "min": -12,
                "max": 100,
                "color": "#FF0000",
                "fontcolor": "white",
                "colorname": "Red"
            },
            {
                "id": 2,
                "type": "-12.1 to -15.9",
                "min": -15.9,
                "max": -12.1,
                "color": "#FFFF33",
                "fontcolor": "black",
                "colorname": "Yellow"
            },
            {
                "id": 3,
                "type": "-16 to -19.9",
                "min": -19.9,
                "max": -16,
                "color": "#FFC200",
                "fontcolor": "white",
                "colorname": "Amber"
            },
            {
                "id": 4,
                "type": "-20 & below",
                "min": -50,
                "max": -20,
                "color": "#66CC00",
                "fontcolor": "white",
                "colorname": "Green"
            }
        ],
        "RS Cold Room": [
            {
                "id": 1,
                "type": "above -12",
                "min": -12,
                "max": 100,
                "color": "#FF0000",
                "fontcolor": "white",
                "colorname": "Red"
            },
            {
                "id": 2,
                "type": "-12.1 to -15.9",
                "min": -15.9,
                "max": -12.1,
                "color": "#FFFF33",
                "fontcolor": "black",
                "colorname": "Yellow"
            },
            {
                "id": 3,
                "type": "-16 to -17.9",
                "min": -17.9,
                "max": -16,
                "color": "#FFC200",
                "fontcolor": "white",
                "colorname": "Amber"
            },
            {
                "id": 4,
                "type": "-18 & below",
                "min": -50,
                "max": -18,
                "color": "#66CC00",
                "fontcolor": "white",
                "colorname": "Green"
            }
        ],
        "RSV": [
            {
                "id": 1,
                "type": "above -12",
                "min": -12,
                "max": 100,
                "color": "#FF0000",
                "fontcolor": "white",
                "colorname": "Red"
            },
            {
                "id": 2,
                "type": "-12.1 to -15.9",
                "min": -15.9,
                "max": -12.1,
                "color": "#FFFF33",
                "fontcolor": "black",
                "colorname": "Yellow"
            },
            {
                "id": 3,
                "type": "-16 to -17.9",
                "min": -17.9,
                "max": -16,
                "color": "#FFC200",
                "fontcolor": "white",
                "colorname": "Amber"
            },
            {
                "id": 4,
                "type": "-18 & below",
                "min": -50,
                "max": -18,
                "color": "#66CC00",
                "fontcolor": "white",
                "colorname": "Green"
            }
        ]
    }
}