[
    {
        "monthid": "1",
        "quater": "1",
        "name": "January"
    },
    {
        "monthid": "2",
        "quater": "1",
        "name": "February"
    },
    {
        "monthid": "3",
        "quater": "1",
        "name": "March"
    },
    {
        "monthid": "4",
        "quater": "2",
        "name": "April"
    },
    {
        "monthid": "5",
        "quater": "2",
        "name": "May"
    },
    {
        "monthid": "6",
        "quater": "2",
        "name": "June"
    },
    {
        "monthid": "7",
        "quater": "3",
        "name": "July"
    },
    {
        "monthid": "8",
        "quater": "3",
        "name": "August"
    },
    {
        "monthid": "9",
        "quater": "3",
        "name": "September"
    },
    {
        "monthid": "10",
        "quater": "4",
        "name": "October"
    },
    {
        "monthid": "11",
        "quater": "4",
        "name": "November"
    },
    {
        "monthid": "12",
        "quater": "4",
        "name": "December"
    }
]