[
    {
        "id": "1",
        "name": "Pueshotam Purshvam",
        "department": [
            {
                "name": "IT"
            },
            {
                "name": "Networking"
            }
        ],
        "details": {
            "address": "vikhoroli west",
            "dob": "13-05-1970"
        }
    },
    {
        "id": "2",
        "nationality": "Madhuran D'silva",
        "department": [
            {
                "name": "IT"
            },
            {
                "name": "Networking"
            }
        ],
        "details": {
            "address": "vikhoroli west",
            "dob": "13-05-1970"
        }
    },
    {
        "id": "3",
        "nationality": "sandip gawda",
        "department": [
            {
                "name": "IT"
            },
            {
                "name": "Networking"
            }
        ],
        "details": {
            "address": "vikhoroli west",
            "dob": "13-05-1970"
        }
    }
]