{
  "region": {
    "WEST": {
      "Yellow": 0,
      "Red": 0,
      "Amber": 0,
      "Green": 0
    },
    "NORTH": {
      "Yellow": 0,
      "Red": 0,
      "Amber": 0,
      "Green": 0
    },
    "SOUTH": {
      "Yellow": 0,
      "Red": 0,
      "Amber": 0,
      "Green": 0
    },
    "EAST": {
      "Yellow": 0,
      "Red": 0,
      "Amber": 0,
      "Green": 0
    }
  },
  "coldChain": {
    "PT": {
      "Yellow": 0,
      "Red": 0,
      "Amber": 0,
      "Green": 0
    },
    "ST": {
      "Yellow": 0,
      "Red": 0,
      "Amber": 0,
      "Green": 0
    },
    "RS Cold Room": {
      "Yellow": 0,
      "Red": 0,
      "Amber": 0,
      "Green": 0
    },
    "DEPOT": {
      "Yellow": 0,
      "Red": 0,
      "Amber": 0,
      "Green": 0
    },
    "RSV": {
      "Yellow": 0,
      "Red": 0,
      "Amber": 0,
      "Green": 0
    },
    "FACTORY": {
      "Yellow": 0,
      "Red": 0,
      "Amber": 0,
      "Green": 0
    }
  },
  "coldChainavg": {
    "PT": {
      "Yellow": 0,
      "Red": 0,
      "Amber": 0,
      "Green": 0
    },
    "ST": {
      "Yellow": 0,
      "Red": 0,
      "Amber": 0,
      "Green": 0
    },
    "RS Cold Room": {
      "Yellow": 0,
      "Red": 0,
      "Amber": 0,
      "Green": 0
    },
    "DEPOT": {
      "Yellow": 0,
      "Red": 0,
      "Amber": 0,
      "Green": 0
    },
    "RSV": {
      "Yellow": 0,
      "Red": 0,
      "Amber": 0,
      "Green": 0
    },
    "FACTORY": {
      "Yellow": 0,
      "Red": 0,
      "Amber": 0,
      "Green": 0
    }
  }
}