{
  "region": {
    "WEST": {
      "Yellow": 1488,
      "Red": 11995,
      "Amber": 7757,
      "Green": 17828
    },
    "NORTH": {
      "Yellow": 570,
      "Red": 11275,
      "Amber": 2399,
      "Green": 1384
    },
    "SOUTH": {
      "Yellow": 2714,
      "Red": 5236,
      "Amber": 4614,
      "Green": 5098
    },
    "EAST": {
      "Yellow": 170,
      "Red": 3734,
      "Amber": 1175,
      "Green": 2909
    }
  },
  "coldChain": {
    "PT": {
      "Yellow": 126,
      "Red": 4794,
      "Amber": 483,
      "Green": 622
    },
    "ST": {
      "Yellow": 154,
      "Red": 9816,
      "Amber": 221,
      "Green": 15
    },
    "RS Cold Room": {
      "Yellow": 1274,
      "Red": 2348,
      "Amber": 6633,
      "Green": 1869
    },
    "DEPOT": {
      "Yellow": 2022,
      "Red": 6721,
      "Amber": 3170,
      "Green": 4728
    },
    "RSV": {
      "Yellow": 255,
      "Red": 535,
      "Amber": 492,
      "Green": 882
    },
    "FACTORY": {
      "Yellow": 1221,
      "Red": 8026,
      "Amber": 4946,
      "Green": 19103
    }
  },
  "coldChainavg": {
    "PT": {
      "Yellow": -13.574603174603176,
      "Red": 7.070671672924491,
      "Amber": -18.79875776397515,
      "Green": -24.697588424437292
    },
    "ST": {
      "Yellow": -13.480519480519483,
      "Red": 9.36555623471883,
      "Amber": -18.107239819004523,
      "Green": -22.513333333333332
    },
    "RS Cold Room": {
      "Yellow": -13.66373626373626,
      "Red": -0.9269165247018754,
      "Amber": -18.715980702547803,
      "Green": -22.843338683788055
    },
    "DEPOT": {
      "Yellow": -13.694559841740828,
      "Red": -1.5135545305758007,
      "Amber": -18.167192429022084,
      "Green": -23.401417089678496
    },
    "RSV": {
      "Yellow": -13.492549019607846,
      "Red": -7.222803738317755,
      "Amber": -18.647357723577226,
      "Green": -28.181972789115587
    },
    "FACTORY": {
      "Yellow": -13.671498771498772,
      "Red": 2.7928980812359883,
      "Amber": -18.724828143954788,
      "Green": -24.47864209809979
    }
  }
}