{
    "width": 500,
    "height": 320,
    "colors": [],
    "bar": {"groupWidth": "75%"},
    "isStacked": "percent",
    "focusTarget": "category",
    "is3D": true,
    "legend": {
        "position": "none"
    },
    "chartArea": {
        "left": "15%",
        "top": "10%",
        "width": "80%",
        "height": "75%"
    },
    "hAxis": {
        "allowContainerBoundaryTextCufoff": true,
        "slantedText": true,
        "textStyle": {
            "color": "black",
            "bold": true
        },
        "gridlines": {
            "count": -1,
            "color": "white"
        }
    },
    "vAxis":
            {
                "title": " % Compliance",
                "titleTextStyle": {
                    "color": "black",
                    "bold": true,
                    "italic": false,
                    "fontSize": 13
                },
                "minValue": 0,
                "ticks": [0, 0.3, 0.6, 1]
            }
}