[{
        "x": "NORTH",
        "y": 10,
		"id":1,
        "group": "above -10",
        "tooltip": "<table class='PykCharts'><tr><th>NORTH above -10</th></tr><tr><td>-10<span style='display:none'>NORTH</span></td></tr></table>"
    }, {
        "x": "NORTH",
        "y": 12,
		"id":2,
        "group": "-10.1 to -13.9",
        "tooltip": "<table class='PykCharts'><tr><th>NORTH -10.1 to -13.9</th></tr><tr><td>-12<span style='display:none'>NORTH</span></td></tr></table>"
    }, {
        "x": "NORTH",
        "y": 16.4,
		"id":3,
        "group": "-14 to -19.9",
        "tooltip": "<table class='PykCharts'><tr><th>NORTH -14 to -19.9</th></tr><tr><td>-16.4<span style='display:none'>NORTH</span></td></tr></table>"
    }, {
        "x": "NORTH",
        "y": 25,
		"id":4,
        "group": "-20 & below",
        "tooltip": "<table class='PykCharts'><tr><th>NORTH -20 & below</th></tr><tr><td>-25<span style='display:none'>NORTH</span></td></tr></table>"
    }, {
        "x": "EAST",
        "y": 8,
		"id":5,
        "group": "above -10",
        "tooltip": "<table class='PykCharts'><tr><th>EAST above -10</th></tr><tr><td>-8<span style='display:none'>EAST</span></td></tr></table>"
    }, {
        "x": "EAST",
        "y": 11,
		"id":6,
        "group": "-10.1 to -13.9",
        "tooltip": "<table class='PykCharts'><tr><th>EAST -10.1 to -13.9</th></tr><tr><td>-11<span style='display:none'>EAST</span></td></tr></table>"
    }, {
        "x": "EAST",
        "y": 18.4,
		"id":7,
        "group": "-14 to -19.9",
        "tooltip": "<table class='PykCharts'><tr><th>EAST -14 to -19.9</th></tr><tr><td>-18.4<span style='display:none'>EAST</span></td></tr></table>"
    }, {
        "x": "EAST",
        "y": 23,
		"id":8,
        "group": "-20 & below",
        "tooltip": "<table class='PykCharts'><tr><th>EAST -20 & below</th></tr><tr><td>-23<span style='display:none'>EAST</span></td></tr></table>"
    }, {
        "x": "WEST",
        "y": 9.5,
		"id":9,
        "group": "above -10",
        "tooltip": "<table class='PykCharts'><tr><th>WEST above -10</th></tr><tr><td>-9.5<span style='display:none'>WEST</span></td></tr></table>"
    }, {
        "x": "WEST",
        "y": 12,
		"id":10,
        "group": "-10.1 to -13.9",
        "tooltip": "<table class='PykCharts'><tr><th>WEST -10.1 to -13.9</th></tr><tr><td>-12<span style='display:none'>WEST</span></td></tr></table>"
    }, {
        "x": "WEST",
        "y": 15.4,
		"id":11,
        "group": "-14 to -19.9",
        "tooltip": "<table class='PykCharts'><tr><th>WEST -14 to -19.9</th></tr><tr><td>-15.4<span style='display:none'>WEST</span></td></tr></table>"
    }, {
        "x": "WEST",
        "y": 22,
		"id":12,
        "group": "-20 & below",
        "tooltip": "<table class='PykCharts'><tr><th>WEST -20 & below</th></tr><tr><td>-22<span style='display:none'>WEST</span></td></tr></table>"
    }, {
        "x": "SOUTH",
        "y": 9,
		"id":13,
        "group": "above -10",
        "tooltip": "<table class='PykCharts'><tr><th>SOUTH above -10</th></tr><tr><td>-2<span style='display:none'>SOUTH</span></td></tr></table>"
    }, {
        "x": "SOUTH",
        "y": 10.9,
		"id":14,
        "group": "-10.1 to -13.9",
        "tooltip": "<table class='PykCharts'><tr><th>SOUTH -10.1 to -13.9</th></tr><tr><td>-10.9<span style='display:none'>SOUTH</span></td></tr></table>"
    }, {
        "x": "SOUTH",
        "y": 14.8,
		"id":15,
        "group": "-14 to -19.9",
        "tooltip": "<table class='PykCharts'><tr><th>SOUTH -14 to -19.9</th></tr><tr><td>-14.8<span style='display:none'>SOUTH</span></td></tr></table>"
    }, {
        "x": "SOUTH",
        "y": 25,
		"id":16,
        "group": "-20 & below",
        "tooltip": "<table class='PykCharts'><tr><th>SOUTH -20 & below</th></tr><tr><td>-25<span style='display:none'>SOUTH</span></td></tr></table>"
    }]