[
    {
        "id": "1",
        "name": "kiran",
        "mangerid": "1",
        "department": [
            {
                "name": "IT"
            },
            {
                "name": "Networking"
            }
        ],
        "details": {
            "address": "vikhoroli west",
            "dob": "13-05-1970"
        }
    },
    {
        "id": "2",
        "name": "harish",
        "mangerid": "1",
        "department": [
            {
                "name": "IT"
            },
            {
                "name": "Networking"
            }
        ],
        "details": {
            "address": "vikhoroli west",
            "dob": "13-05-1970"
        }
    },
    {
        "id": "3",
        "name": "ABC",
        "mangerid": "2",
        "department": [
            {
                "name": "IT"
            },
            {
                "name": "Networking"
            }
        ],
        "details": {
            "address": "vikhoroli west",
            "dob": "13-05-1970"
        }
    },
    {
        "id": "4",
        "name": "DEF",
        "mangerid": "2",
        "department": [
            {
                "name": "IT"
            },
            {
                "name": "Networking"
            }
        ],
        "details": {
            "address": "vikhoroli west",
            "dob": "13-05-1970"
        }
    },
    {
        "id": "5",
        "name": "GHI",
        "mangerid": "3",
        "department": [
            {
                "name": "IT"
            },
            {
                "name": "Networking"
            }
        ],
        "details": {
            "address": "vikhoroli west",
            "dob": "13-05-1970"
        }
    },
    {
        "id": "6",
        "name": "JKL",
        "mangerid": "3",
        "department": [
            {
                "name": "IT"
            },
            {
                "name": "Networking"
            }
        ],
        "details": {
            "address": "vikhoroli west",
            "dob": "13-05-1970"
        }
    }
]