{
    "piechart": {
        "selector": "#piechart",
        "data": [],
        "chart_width": 400,
        "chart_height": 220,
        "background_color": "#FFFFFF",
        "mode": "default",
        "color_mode": "color",
        "shade_color": "#52B3D9",
        "chart_color": ["#03C9A9,#2BA78D,#BB2412,#E82D2D,#FF5454,#F69191,#3A539B,#4B77BE,#52B3D9,#4DD9A9"],
        "pointer_overflow_enable": "Yes",
        "pointer_thickness": 1,
        "pointer_family": "Helvetica Neue,Helvetica,Arial,sans-serif",
        "pointer_size": 13,
        "pointer_weight": "normal",
        "highlight": "",
        "label_size": 13,
        "label_weight": "normal",
        "label_family": "Helvetica Neue,Helvetica,Arial,sans-serif",
        "real_time_charts_last_updated_at_enable": "no",
        "real_time_charts_refresh_frequency": 0,
        "transition_duration": 0,
        "border_between_chart_elements_thickness": 1,
        "border_between_chart_elements_style": "solid",
        "clubdata_enable": "yes",
        "clubdata_text": "Others",
        "clubdata_maximum_nodes": 10,
        "chart_onhover_highlight_enable": "no",
        "pie_radius_percent": 70,
        "tooltip_enable": "yes",
        "title_text": "All Divisions",
        "title_size": 1.3,
        "title_weight": "normal",
        "title_family": "Helvetica Neue,Helvetica,Arial,sans-serif",
        "title_color": "white",
        "subtitle_text": "",
        "subtitle_size": 1,
        "subtitle_weight": "normal",
        "subtitle_family": "Helvetica Neue,Helvetica,Arial,sans-serif",
        "subtitle_color": "black",
        "credit_my_site_name": "ChartStore.io",
        "credit_my_site_url": "https://chartstore.io",
        "map_code": "world"
    },
    "columnchart": {
        "selector": "#columnchart",
        "data": [],
        "chart_width": 400,
        "chart_height": 220,
        "background_color": "#FFFFFF",
        "mode": "default",
        "color_mode": "color",
        "chart_color": ["#03C9A9", "#2BA78D", "#BB2412", "#E82D2D", "#FF5454", "#F69191", "#3A539B", "#4B77BE", "#52B3D9"],
        "axis_onhover_highlight_enable": "no",
        "axis_x_enable": "yes",
        "axis_x_title": "",
        "axis_x_position": "bottom",
        "axis_x_pointer_position": "bottom",
        "axis_x_line_color": "#1D1D1D",
        "axis_x_pointer_size": 12,
        "axis_x_pointer_color": "#1D1D1D",
        "axis_y_enable": "yes",
        "axis_y_title": "",
        "axis_y_position": "left",
        "axis_y_pointer_position": "left",
        "axis_y_line_color": "#1D1D1D",
        "axis_y_pointer_size": 12,
        "axis_y_pointer_color": "#1D1D1D",
        "axis_y_no_of_axis_value": 5,
        "axis_y_pointer_padding": 6,
        "axis_y_pointer_values": [],
        "axis_y_outer_pointer_length": 0,
        "axis_y_time_value_datatype": "",
        "axis_y_time_value_interval": 0,
        "real_time_charts_last_updated_at_enable": "no",
        "real_time_charts_refresh_frequency": 0,
        "transition_duration": 0,
        "border_between_chart_elements_thickness": 1,
        "border_between_chart_elements_style": "solid",
        "chart_margin_left": 25,
        "chart_margin_right": 0,
        "chart_margin_top": 0,
        "chart_margin_bottom": 25,
        "chart_onhover_highlight_enable": "yes",
        "tooltip_enable": "yes",
        "title_text": "Top-10 Departments",
        "title_size": 1.3,
        "title_weight": "normal",
        "title_family": "Helvetica Neue,Helvetica,Arial,sans-serif",
        "title_color": "white",
        "subtitle_text": "",
        "subtitle_size": 1,
        "subtitle_weight": "normal",
        "subtitle_family": "Helvetica Neue,Helvetica,Arial,sans-serif",
        "subtitle_color": "black",
        "credit_my_site_name": "Siemens",
        "credit_my_site_url": "http://www.siemens.com",
        "map_code": "world"
    },
    "donutchart": {
        "selector": "#donutchart",
        "data": [
            {
                "name": "Mumbai-Worli Office",
                "weight": 90000
            },
            {
                "name": "Gurgaon-Jagjit Ind.Ltd",
                "weight": 35689
            },
            {
                "name": "Ahmedabad-Prerna Arbor Bd",
                "weight": 89245
            },
            {
                "name": "Aurangabad-AW-Gas Insu SGR",
                "weight": 80235
            },
            {
                "name": "Thane PTD Transformers",
                "weight": 43243
            },
            {
                "name": "Ernakulam-Cochin-OxfordBC",
                "weight": 23587
            },
            {
                "name": "Indore",
                "weight": 64554
            },
            {
                "name": "Lucknow-Ashok Marg",
                "weight": 100000
            },
            {
                "name": "Vadodara-HDX Factory",
                "weight": 89623
            },
            {
                "name": "Goa",
                "weight": 75000
            }
        ],
        "chart_width": 400,
        "chart_height": 220,
        "background_color": "#FFFFFF",
        "mode": "default",
        "color_mode": "shade",
        "shade_color": "#255AEE",
        "chart_color": [
            "#255AEE"
        ],
        "pointer_overflow_enable": "yes",
        "pointer_thickness": 1,
        "pointer_family": "Helvetica Neue,Helvetica,Arial,sans-serif",
        "pointer_size": 13,
        "pointer_weight": "normal",
        "highlight": "Property",
        "label_size": 13,
        "label_weight": "normal",
        "label_family": "Helvetica Neue,Helvetica,Arial,sans-serif",
        "real_time_charts_last_updated_at_enable": "no",
        "real_time_charts_refresh_frequency": 0,
        "transition_duration": 0,
        "border_between_chart_elements_thickness": 1,
        "border_between_chart_elements_style": "solid",
        "clubdata_maximum_nodes": 10,
        "chart_onhover_highlight_enable": "yes",
        "tooltip_enable": "yes",
        "donut_radius_percent": 70,
        "donut_inner_radius_percent": 40,
        "donut_show_total_at_center": "yes",
        "donut_show_total_at_center_size": 14,
        "donut_show_total_at_center_color": "#1D1D1D",
        "donut_show_total_at_center_weight": "bold",
        "donut_show_total_at_center_family": "Helvetica Neue,Helvetica,Arial,sans-serif",
        "title_text": "Top-10 Locations",
        "title_size": 1.3,
        "title_weight": "normal",
        "title_family": "Helvetica Neue,Helvetica,Arial,sans-serif",
        "title_color": "white",
        "subtitle_text": "",
        "subtitle_size": 1,
        "subtitle_weight": "normal",
        "subtitle_family": "Helvetica Neue,Helvetica,Arial,sans-serif",
        "subtitle_color": "black",
        "credit_my_site_name": "Siemens",
        "credit_my_site_url": "http://www.siemens.com",
        "map_code": "world"
    },
    "barchart": {
        "selector": "#barchart",
        "data": [
            {
                "y": "Not well",
                "x": 100,
                "group": "Exception(%)",
                "tooltip": "<table class='PykCharts'><tr><th>Not well</th></tr><tr><td>100</td></tr></table>"
            },
            {
                "y": "Earned Leave",
                "x": 200,
                "group": "Exception(%)",
                "tooltip": "<table class='PykCharts'><tr><th>Earned Leave</th></tr><tr><td>200</td></tr></table>"
            },
            {
                "y": "Urgent Personal Work",
                "x": 300,
                "group": "Exception(%)",
                "tooltip": "<table class='PykCharts'><tr><th>Urgent Personal Work</th></tr><tr><td>300</td></tr></table>"
            },
            {
                "y": "Doctor's appointment",
                "x": 400,
                "group": "Exception(%)",
                "tooltip": "<table class='PykCharts'><tr><th>Doctor's appointment</th></tr><tr><td>400</td></tr></table>"
            },
            {
                "y": "Native Place",
                "x": 500,
                "group": "Exception(%)",
                "tooltip": "<table class='PykCharts'><tr><th>Native Place</th></tr><tr><td>500</td></tr></table>"
            },
            {
                "y": "Others",
                "x": 600,
                "group": "Exception(%)",
                "tooltip": "<table class='PykCharts'><tr><th>Others</th></tr><tr><td>600</td></tr></table>"
            }
        ],
        "chart_width": 400,
        "chart_height": 220,
        "background_color": "#FFFFFF",
        "mode": "default",
        "color_mode": "color",
        "saturation_color": "#255AEE",
        "chart_color": [
            "#255AEE"
        ],
        "pointer_overflow_enable": "yes",
        "pointer_thickness": 1,
        "pointer_family": "Helvetica Neue,Helvetica,Arial,sans-serif",
        "pointer_size": 13,
        "pointer_weight": "normal",
        "axis_onhover_highlight_enable": "no",
        "axis_x_enable": "yes",
        "axis_x_title": "",
        "axis_x_position": "bottom",
        "axis_x_pointer_position": "bottom",
        "axis_x_line_color": "#1D1D1D",
        "axis_x_pointer_size": 12,
        "axis_x_pointer_color": "#1D1D1D",
        "axis_x_no_of_axis_value": 5,
        "axis_x_pointer_padding": 6,
        "axis_x_outer_pointer_length": 0,
        "axis_x_pointer_values": [],
        "axis_x_time_value_datatype": "",
        "axis_x_time_value_interval": 0,
        "axis_y_enable": "yes",
        "axis_y_title": "",
        "axis_y_position": "left",
        "axis_y_pointer_position": "left",
        "axis_y_line_color": "#1D1D1D",
        "axis_y_pointer_size": 12,
        "axis_y_pointer_color": "#1D1D1D",
        "real_time_charts_last_updated_at_enable": "no",
        "real_time_charts_refresh_frequency": 0,
        "transition_duration": 0,
        "border_between_chart_elements_thickness": 1,
        "border_between_chart_elements_style": "solid",
        "chart_margin_left": 50,
        "chart_margin_right": 25,
        "chart_margin_top": 35,
        "chart_margin_bottom": 35,
        "chart_onhover_highlight_enable": "yes",
        "tooltip_enable": "yes",
        "data_sort_enable": "no",
        "data_sort_type": "alphabetically",
        "data_sort_order": "ascending",
        "title_text": "Reasons For Exception",
        "title_size": 1.3,
        "title_weight": "normal",
        "title_family": "Helvetica Neue,Helvetica,Arial,sans-serif",
        "title_color": "white",
        "subtitle_text": "",
        "subtitle_size": 1,
        "subtitle_weight": "normal",
        "subtitle_family": "Helvetica Neue,Helvetica,Arial,sans-serif",
        "subtitle_color": "black",
        "credit_my_site_name": "ChartStore.io",
        "credit_my_site_url": "https://chartstore.io",
        "map_code": "world"
    },
    "multiSeriesLine": {
        "selector": "#multiserieschart",
        "data": [
            {
                "name": "Swips in",
                "y": 20,
                "x": 8.5,
                "color": "steelblue",
                "tooltip": "20"
            },
            {
                "name": "Swips Out",
                "y": 0,
                "x": 8.5,
                "color": "steelblue",
                "tooltip": "0"
            }, {
                "name": "Swips in",
                "y": 80,
                "x": 9.5,
                "color": "steelblue",
                "tooltip": "80"
            },
            {
                "name": "Swips Out",
                "y": 0,
                "x": 9.5,
                "color": "steelblue",
                "tooltip": "0"
            },
            {
                "name": "Swips in",
                "y": 100,
                "x": 10.5,
                "color": "steelblue",
                "tooltip": "100"
            },
            {
                "name": "Swips Out",
                "y": 0,
                "x": 10.5,
                "color": "steelblue",
                "tooltip": "0"
            },
            {
                "name": "Swips in",
                "y": 35,
                "x": 11.5,
                "color": "steelblue",
                "tooltip": "35"
            },
            {
                "name": "Swips Out",
                "y": 0,
                "x": 11.5,
                "color": "steelblue",
                "tooltip": "0"
            },
            {
                "name": "Swips in",
                "y": 10,
                "x": 12.5,
                "color": "steelblue",
                "tooltip": "10"
            },
            {
                "name": "Swips Out",
                "y": 0,
                "x": 12.5,
                "color": "steelblue",
                "tooltip": "0"
            },
            {
                "name": "Swips in",
                "y": 0,
                "x": 13.5,
                "color": "steelblue",
                "tooltip": "0"
            },
            {
                "name": "Swips Out",
                "y": 0,
                "x": 13.5,
                "color": "steelblue",
                "tooltip": "0"
            },
            {
                "name": "Swips in",
                "y": 0,
                "x": 14.5,
                "color": "steelblue",
                "tooltip": "0"
            }, {
                "name": "Swips Out",
                "y": 0,
                "x": 14.5,
                "color": "steelblue",
                "tooltip": "0"
            },
            {
                "name": "Swips in",
                "y": 0,
                "x": 15.5,
                "color": "steelblue",
                "tooltip": "0"
            }, {
                "name": "Swips Out",
                "y": 20,
                "x": 15.5,
                "color": "steelblue",
                "tooltip": "20"
            }, {
                "name": "Swips in",
                "y": 0,
                "x": 16.5,
                "color": "steelblue",
                "tooltip": "0"
            }, {
                "name": "Swips Out",
                "y": 45,
                "x": 16.5,
                "color": "steelblue",
                "tooltip": "45"
            }, {
                "name": "Swips in",
                "y": 0,
                "x": 17.5,
                "color": "steelblue",
                "tooltip": "0"
            }, {
                "name": "Swips Out",
                "y": 59,
                "x": 17.5,
                "color": "steelblue",
                "tooltip": "59"
            }, {
                "name": "Swips in",
                "y": 0,
                "x": 18.5,
                "color": "steelblue",
                "tooltip": "0"
            }, {
                "name": "Swips Out",
                "y": 90,
                "x": 18.5,
                "color": "steelblue",
                "tooltip": "90"
            }],
        "chart_width": 820,
        "chart_height": 220,
        "background_color": "#FFFFFF",
        "mode": "default",
        "color_mode": "color",
        "saturation_color": "#255AEE",
        "chart_color": [
            "#03C9A9", "#BB2412"
        ],
        "pointer_overflow_enable": "yes",
        "pointer_family": "Helvetica Neue,Helvetica,Arial,sans-serif",
        "pointer_size": 13,
        "pointer_weight": "normal",
        "axis_onhover_highlight_enable": "no",
        "axis_x_enable": "yes",
        "axis_x_title": "",
        "axis_x_position": "bottom",
        "axis_x_pointer_position": "bottom",
        "axis_x_line_color": "#1D1D1D",
        "axis_x_pointer_size": 12,
        "axis_x_pointer_color": "#1D1D1D",
        "axis_x_no_of_axis_value": 5,
        "axis_x_pointer_padding": 6,
        "axis_x_outer_pointer_length": 0,
        "axis_x_pointer_values": [],
        "axis_x_time_value_datatype": "",
        "axis_x_time_value_interval": 0,
        "axis_y_enable": "yes",
        "axis_y_title": "",
        "axis_y_position": "left",
        "axis_y_pointer_position": "left",
        "axis_y_line_color": "#1D1D1D",
        "axis_y_pointer_size": 12,
        "axis_y_pointer_color": "#1D1D1D",
        "axis_y_no_of_axis_value": 5,
        "axis_y_pointer_padding": 6,
        "axis_y_pointer_values": [],
        "axis_y_outer_pointer_length": 0,
        "axis_y_time_value_datatype": "",
        "axis_y_time_value_interval": 0,
        "real_time_charts_last_updated_at_enable": "no",
        "real_time_charts_refresh_frequency": 0,
        "transition_duration": 0,
        "chart_margin_left": 50,
        "chart_margin_right": 25,
        "chart_margin_top": 35,
        "chart_margin_bottom": 35,
        "chart_onhover_highlight_enable": "yes",
        "chart_grid_x_enable": "yes",
        "chart_grid_y_enable": "yes",
        "chart_grid_color": "#ddd",
        "tooltip_enable": "yes",
        "annotation_enable": "no",
        "annotation_background_color": "#C2CBCF",
        "annotation_font_color": "black",
        "annotation_view_mode": "onload",
        "crosshair_enable": "yes",
        "curvy_lines_enable": "no",
        "zoom_enable": "no",
        "title_text": "Swips in Swips Out",
        "title_size": 1.3,
        "title_weight": "normal",
        "title_family": "Helvetica Neue,Helvetica,Arial,sans-serif",
        "title_color": "white",
        "subtitle_text": "",
        "subtitle_size": 1,
        "subtitle_weight": "normal",
        "subtitle_family": "Helvetica Neue,Helvetica,Arial,sans-serif",
        "subtitle_color": "black",
        "credit_my_site_name": "ChartStore.io",
        "credit_my_site_url": "https://chartstore.io",
        "map_code": "world"
    },
    "electionDonut": {
        "selector": "#electionDonut",
        "data": [{
                "name": "Not well",
                "weight": 100
            }, {
                "name": "Earned Leave",
                "weight": 300
            }, {
                "name": "Urgent Personal Work",
                "weight": 400
            }, {
                "name": "Doctor's appointment",
                "weight": 700
            }, {
                "name": "Native Place",
                "weight": 500
            }],
        "chart_width": 400,
        "chart_height": 220,
        "background_color": "#FFFFFF",
        "mode": "default",
        "color_mode": "shade",
        "shade_color": "#255AEE",
        "chart_color": [
            "#255AEE"
        ],
        "pointer_overflow_enable": "yes",
        "pointer_thickness": 1,
        "pointer_family": "Helvetica Neue,Helvetica,Arial,sans-serif",
        "pointer_size": 13,
        "pointer_weight": "normal",
        "highlight": "Production",
        "label_size": 13,
        "label_weight": "normal",
        "label_family": "Helvetica Neue,Helvetica,Arial,sans-serif",
        "real_time_charts_last_updated_at_enable": "no",
        "real_time_charts_refresh_frequency": 0,
        "transition_duration": 0,
        "border_between_chart_elements_thickness": 1,
        "border_between_chart_elements_style": "solid",
        "clubdata_enable": "yes",
        "clubdata_text": "Others",
        "clubdata_maximum_nodes": 5,
        "chart_onhover_highlight_enable": "yes",
        "tooltip_enable": "yes",
        "donut_radius_percent": 100,
        "donut_inner_radius_percent": 40,
        "donut_show_total_at_center": "yes",
        "donut_show_total_at_center_size": 14,
        "donut_show_total_at_center_color": "#1D1D1D",
        "donut_show_total_at_center_weight": "bold",
        "donut_show_total_at_center_family": "Helvetica Neue,Helvetica,Arial,sans-serif",
        "title_text": "Department",
        "title_size": 1.3,
        "title_weight": "normal",
        "title_family": "Helvetica Neue,Helvetica,Arial,sans-serif",
        "title_color": "white",
        "subtitle_text": "",
        "subtitle_size": 1,
        "subtitle_weight": "normal",
        "subtitle_family": "Helvetica Neue,Helvetica,Arial,sans-serif",
        "subtitle_color": "black",
        "credit_my_site_name": "ChartStore.io",
        "credit_my_site_url": "https://chartstore.io",
        "map_code": "world"
    },
    "electionPie": {
        "selector": "#electionPie",
        "data": [{
                "name": "Not well",
                "weight": 200
            }, {
                "name": "Earned Leave",
                "weight": 350
            }, {
                "name": "Urgent Personal Work",
                "weight": 190
            }, {
                "name": "Doctor's appointment",
                "weight": 500
            }, {
                "name": "Native Place",
                "weight": 400
            }],
        "chart_width": 400,
        "chart_height": 220,
        "background_color": "#FFFFFF",
        "mode": "default",
        "color_mode": "color",
        "shade_color": "#255AEE",
        "chart_color": [
            "#255AEE"
        ],
        "pointer_overflow_enable": "yes",
        "pointer_thickness": 1,
        "pointer_family": "Helvetica Neue,Helvetica,Arial,sans-serif",
        "pointer_size": 13,
        "pointer_weight": "normal",
        "highlight": "Wholesalers",
        "label_size": 13,
        "label_weight": "normal",
        "label_family": "Helvetica Neue,Helvetica,Arial,sans-serif",
        "real_time_charts_last_updated_at_enable": "no",
        "real_time_charts_refresh_frequency": 0,
        "transition_duration": 0,
        "border_between_chart_elements_thickness": 1,
        "border_between_chart_elements_style": "solid",
        "clubdata_enable": "yes",
        "clubdata_text": "Others",
        "clubdata_maximum_nodes": 5,
        "chart_onhover_highlight_enable": "yes",
        "pie_radius_percent": 100,
        "tooltip_enable": "yes",
        "title_text": " Location",
        "title_size": 1.3,
        "title_weight": "normal",
        "title_family": "Helvetica Neue,Helvetica,Arial,sans-serif",
        "title_color": "white",
        "subtitle_text": "",
        "subtitle_size": 1,
        "subtitle_weight": "normal",
        "subtitle_family": "Helvetica Neue,Helvetica,Arial,sans-serif",
        "subtitle_color": "black",
        "credit_my_site_name": "ChartStore.io",
        "credit_my_site_url": "https://chartstore.io",
        "map_code": "world"
    }
}