{
    "width": 400,
    "height": 256,
    "colors": [],
    "chart": {
        "title": ""
    },
    "bar": {
        "groupWidth": "75%"
    },
    "isStacked": "percent",
    "focusTarget": "category",
    "is3D": true,
    "legend": {
        "position": "none"
    },
    "chartArea": {
        "left": "15%",
        "top": "10%",
        "width": "80%",
        "height": "75%"
    },
    "hAxis": {
        "allowContainerBoundaryTextCufoff": true,
        "slantedText": true,
        "textStyle": {
            "color": "black",
            "bold": true
        },
        "gridlines": {
            "count": -1,
            "color": "white"
        }
    }
}