[
  {
    "bookId": "1",
    "categoryId": "Computer Language",
    "title": "Programming Languages C with Practicals",
    "author": "Ananthi Sheshasaayee and Sheshasaayee",
    "publisher": "Tech-Max",
    "edition": "1se Edition",
    "price": "17$",
    "quantity": "1",
    "description": "Easy Way to Learn C Programing"
  },
  {
    "bookId": "2",
    "categoryId": "Novel",
    "title": "A Game of Thrones: The Graphic Novels Volumes 1-4 (Boxed Set Edition)",
    "author": "George R.R. Martin",
    "publisher": "Marvel",
    "edition": "4th Edition",
    "price": "275$",
    "quantity": "1",
    "description": "George R. R. Martin’s epic fantasy masterwork A Game of Thrones is brought to life in the pages of these full-colour graphic novels"
  },
  {
    "bookId": "3",
    "categoryId": "Motivational",
    "title": "The Kiss Of Life",
    "author": " Emraan Hashmi,Bilal Siddiqi",
    "publisher": "Green Velly",
    "edition": "1st",
    "price": "271",
    "quantity": "1",
    "description": " As we learn to laugh and cry, win and lose, share and care, the meaning of life and true happiness unfolds before us"
  },
  {
    "bookId": "4",
    "categoryId": "Horror",
    "title": "The Last Mile (Amos Decker Series)",
    "author": "David Baldacci",
    "publisher": "Bicas Ven",
    "edition": "3rd",
    "price": "10$",
    "quantity": "1",
    "description": "Melvin Mars awaits his fate on Death Row. He was one of America's most promising football stars until, aged twenty-years-old, he was arrested and convicted for the murder of his parents just as he was due to begin a very lucrative contract with the NFL. "
  },
  {
    "bookId": "5",
    "categoryId": "Business",
    "title": "Sprint",
    "author": "Jake Knapp",
    "publisher": "Marvel",
    "edition": "2nd",
    "price": "59$",
    "quantity": "1",
    "description": "Entrepreneurs and leaders face big questions every day: What’s the most important place to focus your effort, and how do you start? What will your idea look like in real life? "
  }
]