<beans xmlns="http://www.springframework.org/schema/beans"
	xmlns:context="http://www.springframework.org/schema/context"
	xmlns:xsi="http://www.w3.org/2001/XMLSchema-instance" xmlns:mvc="http://www.springframework.org/schema/mvc"
	xsi:schemaLocation="
        http://www.springframework.org/schema/beans     
        http://www.springframework.org/schema/beans/spring-beans-3.0.xsd
        http://www.springframework.org/schema/mvc http://www.springframework.org/schema/mvc/spring-mvc-3.0.xsd
        http://www.springframework.org/schema/context 
        http://www.springframework.org/schema/context/spring-context-3.0.xsd">

	<context:component-scan base-package="net.atos" />


	<bean id="bookDetailDao" class="net.atos.dao.BookDetailDaoImpl">
		<property name="dataSource" ref="dataSource" />
	</bean>

	<bean id="bookDetailService" class="net.atos.service.BookDetailServiceImpl">
		<property name="bookDetailDao" ref="bookDetailDao" />

	</bean>

	<!-- <bean id="studentController" class="net.atos.controller.StudentController"> 
		<property name="studentService" ref="studentService"/> </bean> -->
	<bean name="/" class="net.atos.controller.BookDetailController">
		<property name="bookDetailService" ref="bookDetailService" />
	</bean>


	<bean id="dataSource"
		class="org.springframework.jdbc.datasource.DriverManagerDataSource">

		<property name="driverClassName" value="org.postgresql.Driver" />
		<property name="url" value="jdbc:postgresql://localhost:5433/DemoDB" />
		<property name="username" value="postgres" />
		<property name="password" value="Atos@123" />
	</bean>


	<bean
		class="org.springframework.web.servlet.view.InternalResourceViewResolver">
		<property name="prefix">
			<value>/WEB-INF/pages/</value>
		</property>
		<property name="suffix">
			<value>.jsp</value>
		</property>
	</bean>

	<mvc:annotation-driven />

</beans>