<?xml  version="1.0" encoding="UTF-8"?>
<beans xmlns="http://www.springframework.org/schema/beans"
	xmlns:xsi="http://www.w3.org/2001/XMLSchema-instance" xmlns:aop="http://www.springframework.org/schema/aop"
	xmlns:context="http://www.springframework.org/schema/context"
	xmlns:cache="http://www.springframework.org/schema/cache" xmlns:jee="http://www.springframework.org/schema/jee"
	xmlns:lang="http://www.springframework.org/schema/lang" xmlns:jpa="http://www.springframework.org/schema/data/jpa"
	xmlns:mvc="http://www.springframework.org/schema/mvc" xmlns:p="http://www.springframework.org/schema/p"
	xmlns:tx="http://www.springframework.org/schema/tx" xmlns:util="http://www.springframework.org/schema/util"
	xmlns:rabbit="http://www.springframework.org/schema/rabbit" xmlns:task="http://www.springframework.org/schema/task"
	xsi:schemaLocation="http://www.springframework.org/schema/beans http://www.springframework.org/schema/beans/spring-beans.xsd
		http://www.springframework.org/schema/aop http://www.springframework.org/schema/aop/spring-aop.xsd
		http://www.springframework.org/schema/context http://www.springframework.org/schema/context/spring-context.xsd
		http://www.springframework.org/schema/cache http://www.springframework.org/schema/cache/spring-cache.xsd
		http://www.springframework.org/schema/jee http://www.springframework.org/schema/jee/spring-jee.xsd
		http://www.springframework.org/schema/lang http://www.springframework.org/schema/lang/spring-lang.xsd
		http://www.springframework.org/schema/data/jpa http://www.springframework.org/schema/data/jpa/spring-jpa-1.0.xsd
		http://www.springframework.org/schema/mvc http://www.springframework.org/schema/mvc/spring-mvc.xsd
		http://www.springframework.org/schema/tx http://www.springframework.org/schema/tx/spring-tx.xsd
		http://www.springframework.org/schema/util http://www.springframework.org/schema/util/spring-util.xsd
		http://www.springframework.org/schema/rabbit http://www.springframework.org/schema/rabbit/spring-rabbit-1.0.xsd
		http://www.springframework.org/schema/task http://www.springframework.org/schema/task/spring-task-3.0.xsd">

	<context:annotation-config />

	<task:annotation-driven	 />

	<context:component-scan base-package="net.hul.dashboard" />
	
	
	

	<mvc:resources mapping="/css/**" location="/css/" />
	<mvc:resources mapping="/data/**" location="/data/" />
	<mvc:resources mapping="/fonts/**" location="/fonts/" />
	<mvc:resources mapping="/images/**" location="/images/" />
	<mvc:resources mapping="/js/**" location="/js/" />
	<mvc:resources mapping="/lib/**" location="/lib/" />
	<mvc:resources mapping="/pykih-charts/**" location="/pykih-charts/" />
	<mvc:resources mapping="/source/**" location="/source/" />
	<mvc:annotation-driven />
	
	<bean class="org.springframework.beans.factory.config.PropertyPlaceholderConfigurer">
		<property name="locations">
		 <list>
			<value>classpath:jdbc.properties</value>
			<value>classpath:application.properties</value>
			<value>classpath:log4j.properties</value>
		 </list>
		</property>
	</bean>

	<bean class="org.apache.commons.dbcp.BasicDataSource" id="dataSource">
		<property name="driverClassName" value="${jdbc.driverClassName}" />
		<property name="url" value="${jdbc.databaseurl}" />
		<property name="username" value="${jdbc.username}" />
		<property name="password" value="${jdbc.password}" />
	</bean>
	
    <context:property-placeholder location="classpath:application.properties" />

	<!-- EntityManagerFactory -->
	<bean class="org.springframework.orm.jpa.support.PersistenceAnnotationBeanPostProcessor" />

	<bean id="entityManagerFactory" class="org.springframework.orm.jpa.LocalContainerEntityManagerFactoryBean">
		<property name="persistenceProviderClass" value="org.hibernate.ejb.HibernatePersistence" />
		<property name="dataSource" ref="dataSource" />
		<property name="persistenceXmlLocation" value="classpath:META-INF/persistence.xml" />
	</bean>

	<!-- Transaction Manager -->

	<bean id="transactionManager" class="org.springframework.orm.jpa.JpaTransactionManager" />
	<!-- Enable @Transactional annotation -->
	<tx:annotation-driven transaction-manager="transactionManager" />


	<!-- Spring Data -->
	<!-- <jpa:repositories base-package="net.hul.dashboard.repository"
		entity-manager-factory-ref="entityManagerFactory"
		transaction-manager-ref="transactionManager" /> -->

	<bean id="jspViewResolver" class="org.springframework.web.servlet.view.InternalResourceViewResolver">
		<property name="viewClass" value="org.springframework.web.servlet.view.JstlView" />
		<property name="prefix" value="/jsp/" />
		<property name="suffix" value=".jsp" />
	</bean>

	<!--  <cache:annotation-driven />
	
	<bean id="cacheManager" class="org.springframework.cache.ehcache.EhCacheCacheManager">
		<property name="cacheManager" ref="ehcache" />
	</bean>
	
	<bean id="ehcache"
		class="org.springframework.cache.ehcache.EhCacheManagerFactoryBean">
		<property name="configLocation" value="classpath:ehcache.xml" />
	</bean>-->
	
	<!-- Rest Template -->
	<bean id="restTemplate" class="org.springframework.web.client.RestTemplate" />

	<!-- Configures view for returning JSON to the client -->
	<bean class="org.springframework.web.servlet.mvc.annotation.DefaultAnnotationHandlerMapping" />


</beans>