<beans xmlns="http://www.springframework.org/schema/beans"
	xmlns:context="http://www.springframework.org/schema/context"
	xmlns:int="http://www.springframework.org/schema/integration"
	xmlns:int-stream="http://www.springframework.org/schema/integration/stream"
	xmlns:util="http://www.springframework.org/schema/util" xmlns:cache="http://www.springframework.org/schema/cache"
	xmlns:aop="http://www.springframework.org/schema/aop" xmlns:mvc="http://www.springframework.org/schema/mvc"
	xmlns:xsi="http://www.w3.org/2001/XMLSchema-instance" xmlns:tx="http://www.springframework.org/schema/tx"
	xmlns:jpa="http://www.springframework.org/schema/data/jpa"
	xsi:schemaLocation="http://www.springframework.org/schema/integration http://www.springframework.org/schema/integration/spring-integration-2.1.xsd 
	http://www.springframework.org/schema/integration/stream http://www.springframework.org/schema/integration/stream/spring-integration-stream.xsd		
        http://www.springframework.org/schema/beans http://www.springframework.org/schema/beans/spring-beans-3.1.xsd
        http://www.springframework.org/schema/tx http://www.springframework.org/schema/tx/spring-tx-3.0.xsd
	http://www.springframework.org/schema/data/jpa http://www.springframework.org/schema/data/jpa/spring-jpa-1.0.xsd
        http://www.springframework.org/schema/context http://www.springframework.org/schema/context/spring-context-3.1.xsd
        http://www.springframework.org/schema/util http://www.springframework.org/schema/util/spring-util-3.0.xsd
        http://www.springframework.org/schema/mvc http://www.springframework.org/schema/mvc/spring-mvc-3.2.xsd
        http://www.springframework.org/schema/cache http://www.springframework.org/schema/cache/spring-cache.xsd
        http://www.springframework.org/schema/aop 
	   http://www.springframework.org/schema/aop/spring-aop-3.0.xsd">

	<context:annotation-config />
	<context:component-scan base-package="net.atos" />
	<aop:aspectj-autoproxy />
	<mvc:annotation-driven />

	<bean id="bookDetailDao" class="net.atos.dao.BookDetailDaoImpl">
		<property name="dataSource" ref="dataSource" />
	</bean>

	<bean id="bookDetailService" class="net.atos.service.impl.BookDetailServiceImpl">
		<property name="bookDetailDao" ref="bookDetailDao" />

	</bean>

	<bean id="bookDetailController" class="net.atos.controller.BookDetailController">
		<property name="bookDetailService" ref="bookDetailService" />
	</bean>

	<bean id="dataSource"
		class="org.springframework.jdbc.datasource.DriverManagerDataSource">

		<property name="driverClassName" value="org.postgresql.Driver" />
		<property name="url" value="jdbc:postgresql://localhost:5433/DemoDB" />
		<property name="username" value="postgres" />
		<property name="password" value="Atos@123" />
	</bean>


	<!-- REST CONFIG -->
	<bean
		class="org.springframework.integration.http.inbound.UriPathHandlerMapping" />

	<bean id="restTemplate" class="org.springframework.web.client.RestTemplate" />

	<!-- Register JSON Converter for RESTful Web Service -->
	<bean
		class="org.springframework.web.servlet.mvc.annotation.AnnotationMethodHandlerAdapter">
		<property name="messageConverters">
			<list>
				<bean
					class="org.springframework.http.converter.json.MappingJackson2HttpMessageConverter"></bean>
			</list>
		</property>
	</bean>

	<!-- Http Json MessageConverter -->
	<bean id="jsonConverter"
		class="org.springframework.http.converter.json.MappingJackson2HttpMessageConverter">
		<property name="supportedMediaTypes" value="application/json"></property>
	</bean>

	<!-- Common Beans -->



	<bean
		class="org.springframework.web.servlet.mvc.support.ControllerClassNameHandlerMapping" />


	<bean id="dozerBeanMapper" class="org.dozer.DozerBeanMapper"

		autowire="byName">

	</bean>

	<bean
		class="org.springframework.web.servlet.view.InternalResourceViewResolver">
		<property name="prefix">
			<value>/WEB-INF/pages/</value>
		</property>
		<property name="suffix">
			<value>.jsp</value>
		</property>
	</bean>

</beans>